{"cameraMode":{"drawMode":0,"name":"Shaded","section":"Shading Mode"},"sceneLighting":false,"audioPlay":false,"sceneViewState":{"m_AlwaysRefresh":false,"showFog":true,"showSkybox":true,"showFlares":true,"showImageEffects":true,"showParticleSystems":true,"showVisualEffectGraphs":true,"m_FxEnabled":true},"in2DMode":false,"pivot":{"x":9.288299560546875,"y":38.00310516357422,"z":139.14451599121095},"rotation":{"x":0.08083542436361313,"y":-0.04334377124905586,"z":0.0035268892534077169,"w":0.9957867860794067},"size":36.942832946777347,"orthographic":true}